ID,Name,Join Date
239221269394882560,thericeiswhite,2024-08-01 20:26:04.028903
247049439334629386,vpteruel,2024-08-01 20:26:04.029001
270423084073353216,healmebaby.,2024-08-01 20:26:04.029046
303224700174204928,marcel_3301,2024-08-01 20:26:04.029085
315387771919269889,kazami1141,2024-08-01 20:26:04.029123
331727386641170433,wonkavator5351,2024-08-01 20:26:04.029160
362523364360847361,aaron5539,2024-08-01 20:26:04.029198
440947147970445323,stiles_reese,2024-08-01 20:26:04.029234
450531187694501889,wokeasswook,2024-08-01 20:26:04.029271
471664753891213312,harsh_chhipa2451,2024-08-01 20:26:04.029308
479450425842728970,comradekauf9435,2024-08-01 20:26:04.029346
513020691805896705,datalooper6828,2024-08-01 20:26:04.029384
527470211595632640,imortal10556876,2024-08-01 20:26:04.029421
541300649372155904,ahutch0757,2024-08-01 20:26:04.029458
548547887823585300,abdogg9214,2024-08-01 20:26:04.029500
247049439334629386,vpteruel,2024-08-01 20:26:04.029558
668126315244945449,toty3954,2024-08-01 20:46:14.313478
852682823311556668,071ruan,2024-08-01 20:50:48.839216
334195664026206208,chpsousa,2024-08-01 21:15:01.864514
